{
  "clean_launch_speed_error_m_s": 0.2807730776925183,
  "headline_arc_drag_coeff": 0.2,
  "degradation_false_positives": {
    "levels": [
      0.0,
      0.1,
      0.2,
      0.3,
      0.4,
      0.5
    ],
    "robust_err": [
      0.005933302047129441,
      0.0049297036688104034,
      0.007420290208307256,
      0.011086454559006198,
      0.008830151895137528,
      0.027868134894646956
    ],
    "baseline_err": [
      0.008451807968233638,
      0.06314242386301011,
      0.1328775985213902,
      0.12088635293957833,
      0.1458740906426369,
      0.1712206184915604
    ]
  },
  "degradation_jitter": {
    "levels": [
      0.0,
      1.0,
      2.0,
      4.0,
      6.0,
      8.0
    ],
    "robust_err": [
      0.005933302047129441,
      0.007588841338694474,
      0.03839195318074273,
      0.03448026783380531,
      0.06786794876678914,
      0.0775794965140737
    ],
    "baseline_err": [
      0.008451807968233638,
      0.007641108799981922,
      0.03833004272981794,
      0.03539683888301215,
      0.06867771930682764,
      0.07595669896421814
    ]
  },
  "model_mismatch_drag": {
    "levels": [
      0.0,
      0.1,
      0.2,
      0.47,
      1.0
    ],
    "robust_err": [
      0.005933302047129441,
      0.1130482391898141,
      0.29012309458661883,
      0.5811764368625626,
      1.090534482767917
    ],
    "baseline_err": [
      0.008451807968233638,
      0.11610508599788955,
      0.2955158361668467,
      0.595570831956489,
      1.106389958261435
    ]
  },
  "calibration": {
    "ece": 0.06339912461183317,
    "bin_centers": [
      0.0625,
      0.1875,
      0.3125,
      0.4375,
      0.5625,
      0.6875,
      0.8125,
      0.9375
    ],
    "empirical_acc": [
      null,
      null,
      null,
      null,
      null,
      0.0,
      0.0,
      0.9642857142857143
    ],
    "counts": [
      0.0,
      0.0,
      0.0,
      0.0,
      0.0,
      1.0,
      1.0,
      28.0
    ]
  },
  "metric_gate": {
    "precision": 0.6666666666666666,
    "recall": 1.0,
    "f1": 0.8,
    "accuracy": 0.75,
    "tp": 60.0,
    "fp": 30.0,
    "fn": 0.0,
    "tn": 30.0,
    "pitched_false_positive_rate": 1.0,
    "pitched_mean_rel_bias": 0.20704141586814495
  },
  "real_data": null
}